Год,Этап,Команда,Противник,Общее количество очков,Общее количество подач,Ошибки при подаче,ЭЙС,Общее количество приемов,Ошибки при приемах,Эффективность приемов,Общее количество атак,Ошибки на атаках,Очки на атаке,Эффективность атак,Очки на блок,Количество выигранных сетов,Количество проигрышных сетов,Победитель,Проигравший
2021,Play Off,ЗЕНИТ,ФАКЕЛ,71,94,18,9,72,10,17%,93,5,50,62%,12,3,1,ЗЕНИТ,ФАКЕЛ
2021,Play Off,ФАКЕЛ,ДИНАМО,68,111,24,9,90,10,32%,106,12,51,48%,8,2,3,ДИНАМО,ФАКЕЛ
2021,Play Off,ЗЕНИТ,ДИНАМО,47,84,13,8,68,11,4%,81,7,31,48%,8,1,3,ДИНАМО,ЗЕНИТ
2021,Play Off,ЗЕНИТ-КАЗАНЬ,ЛОКОМОТИВ,75,113,20,7,85,8,18%,105,6,61,62%,7,2,3,ЛОКОМОТИВ,ЗЕНИТ-КАЗАНЬ
2021,Play Off,КУЗБАСС,ЗЕНИТ-КАЗАНЬ,75,105,23,12,75,6,15%,103,5,53,53%,10,3,2,КУЗБАСС,ЗЕНИТ-КАЗАНЬ
2021,Play Off,ЛОКОМОТИВ,КУЗБАСС,62,94,28,6,77,5,22%,91,7,45,50%,11,1,3,КУЗБАСС,ЛОКОМОТИВ
2021,Play Off,КУЗБАСС,ЛОКОМОТИВ,57,84,11,7,80,6,11%,103,10,43,42%,7,1,3,ЛОКОМОТИВ,КУЗБАСС
2021,Play Off,ДИНАМО,ЛОКОМОТИВ,68,90,15,5,61,5,10%,96,4,49,51%,14,3,1,ДИНАМО,ЛОКОМОТИВ
2021,Play Off,КУЗБАСС,ЗЕНИТ,64,108,18,11,81,14,10%,106,9,45,42%,8,2,3,ЗЕНИТ,КУЗБАСС
2021,Play Off,ФАКЕЛ,ЗЕНИТ-КАЗАНЬ,56,81,15,6,77,10,13%,90,3,43,48%,7,1,3,ЗЕНИТ-КАЗАНЬ,ФАКЕЛ
2021,Play Off,ЗЕНИТ,ДИНАМО,57,89,19,8,74,15,11%,82,8,36,44%,13,1,3,ДИНАМО,ЗЕНИТ
2021,Play Off,ДИНАМО,ФАКЕЛ,81,117,27,10,87,9,26%,109,13,60,55%,11,3,2,ДИНАМО,ФАКЕЛ
2021,Play Off,ФАКЕЛ,ЗЕНИТ,60,85,13,10,76,9,13%,103,11,44,48%,6,1,3,ЗЕНИТ,ФАКЕЛ
2021,Play Off,ДИНАМО,ЗЕНИТ,75,94,26,11,71,8,10%,103,8,57,51%,7,3,1,ДИНАМО,ЗЕНИТ
2021,Play Off,ЛОКОМОТИВ,ЗЕНИТ-КАЗАНЬ,84,110,25,8,93,7,13%,118,10,69,60%,7,3,2,ЛОКОМОТИВ,ЗЕНИТ-КАЗАНЬ
2021,Play Off,ЗЕНИТ-КАЗАНЬ,КУЗБАСС,69,99,24,6,82,12,21%,95,6,51,56%,12,2,3,КУЗБАСС,ЗЕНИТ-КАЗАНЬ
2021,Play Off,КУЗБАСС,ЛОКОМОТИВ,62,99,22,5,66,6,18%,98,9,50,54%,7,3,1,КУЗБАСС,ЛОКОМОТИВ
2021,Play Off,ЛОКОМОТИВ,КУЗБАСС,77,98,18,6,73,7,18%,107,8,59,55%,12,3,1,ЛОКОМОТИВ,КУЗБАСС
2021,Play Off,ЛОКОМОТИВ,ДИНАМО,58,79,18,5,75,5,12%,105,3,45,43%,8,1,3,ДИНАМО,ЛОКОМОТИВ
2021,Play Off,ЗЕНИТ,КУЗБАСС,84,112,31,14,90,11,16%,124,12,59,48%,11,3,2,ЗЕНИТ,КУЗБАСС
2021,Play Off,ЗЕНИТ-КАЗАНЬ,ФАКЕЛ,77,97,20,10,66,6,12%,100,3,57,57%,10,3,1,ЗЕНИТ-КАЗАНЬ,ФАКЕЛ
2021,Play Off,ДИНАМО,ЗЕНИТ,70,98,24,15,70,8,11%,89,6,45,51%,10,3,1,ДИНАМО,ЗЕНИТ
2021,Play Out,НЕФТЯНИК,ДИНАМО ЛО,44,64,20,4,62,4,34%,74,10,34,46%,6,0,3,ДИНАМО ЛО,НЕФТЯНИК
2021,Play Out,ЮГРА,БЕЛОГОРЬЕ,55,74,18,3,45,0,31%,87,2,46,53%,6,3,0,ЮГРА,БЕЛОГОРЬЕ
2021,Play Out,БЕЛОГОРЬЕ,ДИНАМО ЛО,68,91,23,9,81,6,33%,114,8,49,43%,10,1,3,ДИНАМО ЛО,БЕЛОГОРЬЕ
2021,Play Out,ЮГРА,НЕФТЯНИК,57,84,10,7,75,6,25%,104,8,41,39%,9,1,3,НЕФТЯНИК,ЮГРА
2021,Play Out,НЕФТЯНИК,БЕЛОГОРЬЕ,63,92,18,8,77,10,21%,90,12,45,50%,10,1,3,БЕЛОГОРЬЕ,НЕФТЯНИК
2021,Play Out,ДИНАМО ЛО,ЮГРА,53,81,25,5,77,9,22%,106,9,44,42%,4,1,3,ЮГРА,ДИНАМО ЛО
2021,Play Out,ДИНАМО ЛО,НЕФТЯНИК,44,74,12,4,44,4,11%,59,5,32,54%,8,3,0,ДИНАМО ЛО,НЕФТЯНИК
2021,Play Out,БЕЛОГОРЬЕ,ЮГРА,37,58,13,0,56,3,36%,77,4,26,34%,11,0,3,ЮГРА,БЕЛОГОРЬЕ
2021,Play Out,ДИНАМО ЛО,БЕЛОГОРЬЕ,63,95,14,6,68,9,26%,100,8,46,46%,11,3,1,ДИНАМО ЛО,БЕЛОГОРЬЕ
2021,Play Out,НЕФТЯНИК,ЮГРА,71,91,16,6,74,7,26%,102,9,49,48%,16,3,1,НЕФТЯНИК,ЮГРА
2021,Play Out,БЕЛОГОРЬЕ,НЕФТЯНИК,67,98,21,10,74,8,18%,96,5,46,48%,11,3,1,БЕЛОГОРЬЕ,НЕФТЯНИК
2021,Play Out,ЮГРА,ДИНАМО ЛО,61,95,18,9,56,5,21%,89,7,42,47%,10,3,1,ЮГРА,ДИНАМО ЛО
2021,Play Out,ЮГРА,БЕЛОГОРЬЕ,83,109,16,7,85,6,19%,140,14,66,47%,10,2,3,БЕЛОГОРЬЕ,ЮГРА
2021,Play Out,НЕФТЯНИК,ДИНАМО ЛО,75,97,18,6,89,5,25%,120,8,63,53%,6,2,3,ДИНАМО ЛО,НЕФТЯНИК
2021,Play Out,БЕЛОГОРЬЕ,ДИНАМО ЛО,33,47,12,4,63,9,17%,72,4,27,38%,2,0,3,ДИНАМО ЛО,БЕЛОГОРЬЕ
2021,Play Out,ЮГРА,НЕФТЯНИК,58,73,13,3,56,5,30%,76,4,47,62%,8,3,0,ЮГРА,НЕФТЯНИК
2021,Play Out,ДИНАМО ЛО,ЮГРА,95,121,24,4,98,2,23%,117,10,75,64%,16,3,2,ДИНАМО ЛО,ЮГРА
2021,Play Out,НЕФТЯНИК,БЕЛОГОРЬЕ,64,90,17,8,64,5,30%,90,8,48,53%,8,3,1,НЕФТЯНИК,БЕЛОГОРЬЕ
2021,Play Out,БЕЛОГОРЬЕ,ЮГРА,69,99,14,6,93,7,27%,133,11,55,41%,8,3,2,БЕЛОГОРЬЕ,ЮГРА
2021,Play Out,ДИНАМО ЛО,НЕФТЯНИК,76,103,14,5,79,6,15%,125,8,65,52%,6,3,2,ДИНАМО ЛО,НЕФТЯНИК
2021,Play Out,ДИНАМО ЛО,БЕЛОГОРЬЕ,56,74,11,9,35,4,20%,63,2,37,59%,10,3,0,ДИНАМО ЛО,БЕЛОГОРЬЕ
2021,Play Out,НЕФТЯНИК,ЮГРА,43,64,8,5,60,3,22%,76,8,35,46%,3,0,3,ЮГРА,НЕФТЯНИК
2021,Play Out,ЮГРА,ДИНАМО ЛО,77,114,16,2,97,4,24%,128,10,67,52%,8,2,3,ДИНАМО ЛО,ЮГРА
2021,Play Out,БЕЛОГОРЬЕ,НЕФТЯНИК,53,82,18,5,73,8,21%,82,7,39,48%,9,1,3,НЕФТЯНИК,БЕЛОГОРЬЕ
2022,Play Off,БЕЛОГОРЬЕ,ЗЕНИТ-КАЗАНЬ,50,78,13,4,80,7,19%,94,12,36,38%,10,1,3,ЗЕНИТ-КАЗАНЬ,БЕЛОГОРЬЕ
2022,Play Off,ДИНАМО,БЕЛОГОРЬЕ,59,73,17,6,53,1,17%,92,6,44,48%,9,3,0,ДИНАМО,БЕЛОГОРЬЕ
2022,Play Off,ЗЕНИТ-КАЗАНЬ,ДИНАМО,47,75,9,2,54,8,19%,72,6,40,56%,5,3,0,ЗЕНИТ-КАЗАНЬ,ДИНАМО 
2022,Play Off,ЗЕНИТ,ЗЕНИТ-КАЗАНЬ,34,54,14,0,63,6,21%,87,9,30,34%,4,0,3,ЗЕНИТ-КАЗАНЬ,ЗЕНИТ
2022,Play Off,ДИНАМО ЛО,ЛОКОМОТИВ,64,95,19,4,78,8,24%,105,8,52,50%,8,1,3,ЛОКОМОТИВ,ДИНАМО ЛО
2022,Play Off,ЗЕНИТ,ДИНАМО ЛО,81,103,24,8,91,4,35%,128,7,66,52%,7,3,2,ЗЕНИТ,ДИНАМО ЛО
2022,Play Off,ЛОКОМОТИВ,ЗЕНИТ,61,88,21,6,74,10,24%,100,9,45,45%,10,1,3,ЗЕНИТ,ЛОКОМОТИВ
2022,Play Off,ДИНАМО,ЛОКОМОТИВ,67,108,22,7,71,10,6%,95,7,55,58%,5,3,2,ДИНАМО,ЛОКОМОТИВ
2022,Play Off,ЗЕНИТ,ДИНАМО,54,88,25,5,72,5,32%,92,9,39,42%,10,1,3,ДИНАМО,ЗЕНИТ
2022,Play Off,ЗЕНИТ-КАЗАНЬ,ЛОКОМОТИВ,47,69,14,2,58,8,17%,76,6,41,54%,4,0,3,ЛОКОМОТИВ,ЗЕНИТ-КАЗАНЬ
2022,Play Off,ЗЕНИТ-КАЗАНЬ,БЕЛОГОРЬЕ,68,93,13,7,65,4,23%,97,13,45,46%,16,3,1,ЗЕНИТ-КАЗАНЬ,БЕЛОГОРЬЕ
2022,Play Off,БЕЛОГОРЬЕ,ДИНАМО,39,64,11,1,56,6,9%,69,4,26,38%,12,0,3,ДИНАМО,БЕЛОГОРЬЕ
2022,Play Off,ДИНАМО,ЗЕНИТ-КАЗАНЬ,56,73,19,8,66,2,29%,91,9,42,46%,6,0,3,ЗЕНИТ-КАЗАНЬ,ДИНАМО 
2022,Play Off,ЗЕНИТ-КАЗАНЬ,ЗЕНИТ,49,73,10,6,40,0,35%,77,8,34,44%,9,3,0,ЗЕНИТ-КАЗАНЬ,ЗЕНИТ
2022,Play Off,ЛОКОМОТИВ,ДИНАМО ЛО,76,103,25,8,76,4,28%,115,5,60,52%,8,3,1,ЛОКОМОТИВ,ДИНАМО ЛО
2022,Play Off,ДИНАМО ЛО,ЗЕНИТ,71,106,15,4,79,8,22%,106,8,51,48%,16,2,3,ЗЕНИТ,ДИНАМО ЛО
2022,Play Off,ЗЕНИТ,ЛОКОМОТИВ,65,95,21,10,67,6,28%,93,4,41,44%,14,3,1,ЗЕНИТ,ЛОКОМОТИВ
2022,Play Off,ЛОКОМОТИВ,ДИНАМО,72,104,33,10,86,7,9%,108,8,53,49%,9,2,3,ДИНАМО,ЛОКОМОТИВ
2022,Play Off,ДИНАМО,ЗЕНИТ,59,93,21,5,63,5,24%,97,11,45,46%,9,3,1,ДИНАМО,ЗЕНИТ
2022,Play Off,ЛОКОМОТИВ,ЗЕНИТ-КАЗАНЬ,54,73,15,8,55,2,22%,81,4,40,49%,6,3,0,ЛОКОМОТИВ,ЗЕНИТ-КАЗАНЬ
2022,Play Out,ЕНИСЕЙ,НЕФТЯНИК,79,108,23,11,77,6,23%,98,3,55,56%,13,3,2,ЕНИСЕЙ,НЕФТЯНИК
2022,Play Out,ЮГРА,УРАЛ,73,103,21,4,80,1,36%,114,5,58,51%,11,3,1,ЮГРА,УРАЛ
2022,Play Out,НЕФТЯНИК,УРАЛ,44,65,13,2,60,6,32%,74,7,38,51%,4,0,3,УРАЛ,НЕФТЯНИК
2022,Play Out,ЕНИСЕЙ,ЮГРА,66,88,19,6,85,5,28%,112,8,52,46%,8,1,3,ЮГРА,ЕНИСЕЙ
2022,Play Out,УРАЛ,ЕНИСЕЙ,54,74,15,6,51,3,27%,67,5,39,58%,9,3,0,УРАЛ,ЕНИСЕЙ
2022,Play Out,ЮГРА,ЕНИСЕЙ,66,96,11,7,70,4,27%,88,4,49,56%,10,3,1,ЮГРА,НЕФТЯНИК
2022,Play Out,НЕФТЯНИК,ЕНИСЕЙ,71,98,21,6,85,11,18%,105,7,56,53%,9,2,3,ЕНИСЕЙ,НЕФТЯНИК
2022,Play Out,УРАЛ,ЮГРА,69,102,22,1,81,4,28%,122,7,57,47%,11,1,3,ЮГРА,УРАЛ
2022,Play Out,УРАЛ,НЕФТЯНИК,54,73,13,6,52,2,31%,62,4,34,55%,14,3,0,УРАЛ,НЕФТЯНИК
2022,Play Out,ЮГРА,ЕНИСЕЙ,76,103,18,5,69,6,29%,95,3,57,60%,14,3,1,ЮГРА,ЕНИСЕЙ
2022,Play Out,ЕНИСЕЙ,УРАЛ,43,64,13,3,59,6,34%,65,5,35,54%,5,0,3,УРАЛ,ЕНИСЕЙ
2022,Play Out,ЕНИСЕЙ,ЮГРА,70,89,19,4,85,7,27%,107,10,55,51%,11,1,3,ЮГРА,НЕФТЯНИК
2023,Play Off,ЛОКОМОТИВ,БЕЛОГОРЬЕ,61,73,19,11,65,4,8%,79,7,41,52%,9,3,0,ЛОКОМОТИВ,БЕЛОГОРЬЕ
2023,Play Off,ЗЕНИТ-КАЗАНЬ,АСК,59,73,12,9,51,3,14%,78,1,44,56%,6,3,0,ЗЕНИТ-КАЗАНЬ,АСК
2023,Play Off,ДИНАМО,ФАКЕЛ,55,74,20,4,45,2,11%,68,4,45,66%,6,3,0,ДИНАМО,ФАКЕЛ
2023,Play Off,ЗЕНИТ,ДИНАМО ЛО,62,73,9,8,46,3,11%,78,4,44,56%,10,3,0,ЗЕНИТ,ДИНАМО ЛО
2023,Play Off,ФАКЕЛ,ДИНАМО,50,76,14,3,81,15,2%,84,6,40,48%,7,1,3,ДИНАМО,ФАКЕЛ
2023,Play Off,ДИНАМО ЛО,ЗЕНИТ,81,107,21,7,89,5,24%,124,6,66,53%,8,3,1,ДИНАМО ЛО,ЗЕНИТ
2023,Play Off,АСК,ЗЕНИТ-КАЗАНЬ,57,100,12,6,79,6,16%,107,8,47,44%,4,2,3,ЗЕНИТ-КАЗАНЬ,АСК
2023,Play Off,БЕЛОГОРЬЕ,ЛОКОМОТИВ,73,96,11,8,70,5,11%,90,4,54,60%,11,3,1,БЕЛОГОРЬЕ,ЛОКОМОТИВ
2023,Play Off,ЛОКОМОТИВ,БЕЛОГОРЬЕ,63,73,19,9,50,0,12%,80,5,46,58%,8,3,0,ЛОКОМОТИВ,БЕЛОГОРЬЕ
2023,Play Off,ЗЕНИТ,ДИНАМО ЛО,63,74,8,6,46,1,35%,76,6,47,62%,10,3,0,ЗЕНИТ,ДИНАМО ЛО
2023,Play Off,БЕЛОГОРЬЕ,ЛОКОМОТИВ,40,69,4,4,54,11,11%,69,7,31,45%,5,0,3,ЛОКОМОТИВ,БЕЛОГОРЬЕ
2023,Play Off,АСК,ЗЕНИТ-КАЗАНЬ,40,57,6,3,61,9,18%,84,8,33,39%,4,0,3,ЗЕНИТ-КАЗАНЬ,АСК
2023,Play Off,ФАКЕЛ,ДИНАМО,32,58,13,2,54,4,4%,59,7,23,39%,7,0,3,ДИНАМО,ФАКЕЛ
2023,Play Off,ДИНАМО ЛО,ЗЕНИТ,35,50,4,3,64,8,19%,76,8,29,38%,3,0,3,ЗЕНИТ,ДИНАМО ЛО
2023,Play Off,ДИНАМО,ФАКЕЛ,78,98,17,15,62,3,13%,92,8,55,60%,8,3,1,ДИНАМО,ФАКЕЛ
2023,Play Off,ЗЕНИТ,ДИНАМО ЛО,74,104,15,5,86,7,19%,108,5,53,49%,16,1,3,ДИНАМО ЛО,ЗЕНИТ
2023,Play Off,ЗЕНИТ-КАЗАНЬ,АСК,86,109,30,6,88,6,16%,123,9,72,59%,8,3,2,ЗЕНИТ-КАЗАНЬ,АСК
2023,Play Off,ЛОКОМОТИВ,БЕЛОГОРЬЕ,70,87,17,5,85,8,13%,102,7,55,54%,10,1,3,БЕЛОГОРЬЕ,ЛОКОМОТИВ
2023,Play Off,БЕЛОГОРЬЕ,ЛОКОМОТИВ,31,58,8,0,54,9,15%,68,3,28,41%,3,0,3,ЛОКОМОТИВ,БЕЛОГОРЬЕ
2023,Play Off,ДИНАМО ЛО,ЗЕНИТ,38,53,7,1,66,6,9%,71,5,32,45%,5,0,3,ЗЕНИТ,ДИНАМО ЛО
2023,Play Off,ДИНАМО ,ЗЕНИТ,84,109,21,11,89,10,18%,124,13,62,50%,11,3,2,ДИНАМО,ЗЕНИТ
2023,Play Off,ЗЕНИТ-КАЗАНЬ,ЛОКОМОТИВ,65,94,15,4,71,6,21%,99,6,49,49%,12,3,1,ЗЕНИТ-КАЗАНЬ,ЛОКОМОТИВ
2023,Play Off,ДИНАМО,ЗЕНИТ,57,73,13,8,49,2,14%,79,6,44,56%,5,3,0,ДИНАМО,ЗЕНИТ
2023,Play Off,ЗЕНИТ-КАЗАНЬ,ЛОКОМОТИВ,53,80,11,8,58,5,21%,79,2,36,46%,9,3,0,ЗЕНИТ-КАЗАНЬ,ЛОКОМОТИВ
2023,Play Off,ЛОКОМОТИВ,ЗЕНИТ-КАЗАНЬ,57,76,13,8,54,3,13%,84,2,44,52%,5,3,0,ЛОКОМОТИВ,ЗЕНИТ-КАЗАНЬ
2023,Play Off,ЛОКОМОТИВ,ЗЕНИТ-КАЗАНЬ,72,105,17,7,86,5,10%,118,9,57,48%,8,2,3,ЗЕНИТ-КАЗАНЬ,ЛОКОМОТИВ
2023,Play Off,ЗЕНИТ,ДИНАМО,46,78,15,4,61,1,16%,89,6,39,44%,3,0,3,ДИНАМО,ЗЕНИТ
2023,Play Off,ЗЕНИТ,ДИНАМО ,68,107,18,10,88,11,11%,120,8,49,41%,9,2,3,ДИНАМО,ЗЕНИТ
2023,Play Off,ЛОКОМОТИВ,ЗЕНИТ-КАЗАНЬ,67,90,19,6,79,4,20%,111,11,52,47%,9,1,3,ЗЕНИТ-КАЗАНЬ,ЛОКОМОТИВ
2023,Play Off,ЗЕНИТ,ДИНАМО,41,62,13,2,60,8,12%,78,4,35,45%,4,0,3,ДИНАМО,ЗЕНИТ
2023,Play Off,ЛОКОМОТИВ,ЗЕНИТ-КАЗАНЬ,58,74,16,5,69,8,6%,102,11,45,44%,8,0,3,ЗЕНИТ-КАЗАНЬ,ЛОКОМОТИВ
2023,Play Off,ЗЕНИТ-КАЗАНЬ,ЛОКОМОТИВ,51,67,13,3,63,8,24%,74,6,39,53%,9,0,3,ЛОКОМОТИВ,ЗЕНИТ-КАЗАНЬ
2023,Play Off,ЗЕНИТ-КАЗАНЬ,ЛОКОМОТИВ,82,108,22,5,88,7,5%,131,10,60,46%,17,3,2,ЗЕНИТ-КАЗАНЬ,ЛОКОМОТИВ
2023,Play Off,ДИНАМО,ЗЕНИТ,65,84,23,1,63,4,10%,91,5,57,63%,7,3,0,ДИНАМО,ЗЕНИТ
2023,Play Off,ДИНАМО ЛО,ФАКЕЛ,72,97,19,8,90,11,14%,106,9,53,50%,11,2,3,ФАКЕЛ,ДИНАМО ЛО
2023,Play Off,БЕЛОГОРЬЕ,АСК,78,107,17,6,76,3,11%,117,7,62,53%,10,3,2,БЕЛОГОРЬЕ,АСК
2023,Play Off,ДИНАМО ЛО,ФАКЕЛ,57,74,16,8,48,1,25%,70,2,42,60%,7,3,0,ДИНАМО ЛО,ФАКЕЛ
2023,Play Off,БЕЛОГОРЬЕ,АСК,54,77,5,8,50,7,10%,65,6,38,58%,8,3,0,БЕЛОГОРЬЕ,АСК
2023,Play Off,АСК,БЕЛОГОРЬЕ,60,76,12,5,60,2,15%,98,6,47,48%,8,3,0,АСК,БЕЛОГОРЬЕ
2023,Play Off,ФАКЕЛ,ДИНАМО ЛО,66,74,18,5,50,2,12%,80,2,54,68%,7,3,0,ФАКЕЛ,ДИНАМО ЛО
2023,Play Off,АСК,БЕЛОГОРЬЕ,71,95,16,8,81,5,21%,112,6,51,46%,12,1,3,БЕЛОГОРЬЕ,АСК
2023,Play Off,ФАКЕЛ,ДИНАМО ЛО,56,80,13,3,74,10,9%,91,7,44,48%,9,1,3,ДИНАМО ЛО,ФАКЕЛ
2023,Play Off,ДИНАМО ЛО,ФАКЕЛ,74,106,15,6,82,7,20%,104,8,56,54%,12,3,1,ДИНАМО ЛО,ФАКЕЛ
2023,Play Off,ФАКЕЛ,ДИНАМО ЛО,80,108,18,11,78,8,12%,105,6,57,54%,12,3,2,ФАКЕЛ,ДИНАМО ЛО
2023,Play Off,АСК,БЕЛОГОРЬЕ,70,95,19,3,90,6,12%,119,10,59,50%,8,2,3,БЕЛОГОРЬЕ,АСК
2023,Play Off,ФАКЕЛ,ДИНАМО ЛО,40,59,11,1,58,8,14%,74,7,35,47%,4,0,3,ДИНАМО ЛО,ФАКЕЛ
2023,Play Off,АСК,БЕЛОГОРЬЕ,52,65,15,7,72,8,17%,81,7,42,52%,3,0,3,БЕЛОГОРЬЕ,АСК
2023,Play Off,БЕЛОГОРЬЕ,АСК,50,71,11,2,64,5,13%,87,7,40,46%,8,0,3,АСК,БЕЛОГОРЬЕ
2023,Play Off,ДИНАМО ЛО,ФАКЕЛ,35,57,7,2,56,5,21%,72,2,29,40%,4,0,3,ФАКЕЛ,ДИНАМО ЛО
2023,Play Off,БЕЛОГОРЬЕ,АСК,70,93,12,5,79,8,13%,116,7,59,51%,6,3,1,БЕЛОГОРЬЕ,АСК
2023,Play Off,ДИНАМО ЛО,ФАКЕЛ,73,93,19,10,67,3,16%,96,3,51,53%,12,3,1,ДИНАМО ЛО,ФАКЕЛ
2023,Play Off,ФАКЕЛ,ДИНАМО ЛО,73,98,16,7,91,6,15%,121,15,55,45%,11,1,3,ДИНАМО ЛО,ФАКЕЛ
2023,Play Off,ДИНАМО ЛО,БЕЛОГОРЬЕ,61,76,12,5,60,4,15%,89,6,48,54%,8,3,0,ДИНАМО ЛО,БЕЛОГОРЬЕ
2023,Play Off,БЕЛОГОРЬЕ,ДИНАМО ЛО,60,78,13,7,54,3,11%,76,6,47,62%,6,3,0,БЕЛОГОРЬЕ,ДИНАМО ЛО
2023,Play Off,БЕЛОГОРЬЕ,ДИНАМО ЛО,49,70,10,4,64,5,27%,91,6,42,46%,3,0,3,ДИНАМО ЛО,БЕЛОГОРЬЕ
2023,Play Off,ДИНАМО ЛО,БЕЛОГОРЬЕ,45,66,12,3,65,7,8%,83,8,39,47%,3,0,3,БЕЛОГОРЬЕ,ДИНАМО ЛО
2023,Play Off,ЛОКОМОТИВ,ЗЕНИТ,77,97,20,10,69,3,16%,102,5,59,58%,8,3,1,ЛОКОМОТИВ,ЗЕНИТ
2023,Play Off,ЗЕНИТ,ЛОКОМОТИВ,51,80,11,3,77,10,9%,93,9,39,42%,9,1,3,ЛОКОМОТИВ,ЗЕНИТ
2023,Play Off,ДИНАМО ЛО,БЕЛОГОРЬЕ,71,93,11,6,70,2,27%,107,8,56,52%,9,3,1,ДИНАМО ЛО,БЕЛОГОРЬЕ
2023,Play Off,БЕЛОГОРЬЕ,ДИНАМО ЛО,59,82,12,2,82,6,16%,113,9,50,44%,7,1,3,ДИНАМО ЛО,БЕЛОГОРЬЕ
2023,Play Off,ЛОКОМОТИВ,ЗЕНИТ,82,110,24,8,82,3,13%,130,14,60,46%,14,3,2,ЛОКОМОТИВ,ЗЕНИТ
2023,Play Off,ЗЕНИТ,ЛОКОМОТИВ,62,101,19,3,86,8,19%,114,9,46,40%,13,2,3,ЛОКОМОТИВ,ЗЕНИТ
2023,Play Off,БЕЛОГОРЬЕ,ДИНАМО ЛО,52,73,11,3,43,5,21%,60,2,41,68%,8,3,0,БЕЛОГОРЬЕ,ДИНАМО ЛО
2023,Play Off,ДИНАМО ЛО,БЕЛОГОРЬЕ,41,57,14,5,62,3,10%,72,7,34,47%,2,0,3,БЕЛОГОРЬЕ,ДИНАМО ЛО
2023,Play Off,ЗЕНИТ,ЛОКОМОТИВ,49,73,11,7,50,2,16%,80,2,38,48%,4,3,0,ЗЕНИТ,ЛОКОМОТИВ
2023,Play Off,ЛОКОМОТИВ,ЗЕНИТ,51,66,16,2,62,7,11%,91,10,43,47%,6,0,3,ЗЕНИТ,ЛОКОМОТИВ
2023,Play Off,БЕЛОГОРЬЕ,ДИНАМО ЛО,58,73,14,6,41,1,22%,76,2,41,54%,11,3,0,БЕЛОГОРЬЕ,ДИНАМО ЛО
2023,Play Off,ДИНАМО ЛО,БЕЛОГОРЬЕ,34,52,11,1,59,6,12%,74,6,28,38%,5,0,3,БЕЛОГОРЬЕ,ДИНАМО ЛО
2023,Play Off,ЗЕНИТ,ЛОКОМОТИВ,73,108,16,6,82,10,18%,117,4,56,48%,11,2,3,ЛОКОМОТИВ,ЗЕНИТ
2023,Play Off,ЛОКОМОТИВ,ЗЕНИТ,82,104,22,10,92,6,11%,123,11,62,50%,10,3,2,ЛОКОМОТИВ,ЗЕНИТ
2023,Play Off,ЗЕНИТ-КАЗАНЬ,ДИНАМО,46,73,13,5,41,2,12%,65,2,36,55%,5,3,0,ЗЕНИТ-КАЗАНЬ,ДИНАМО
2023,Play Off,ЗЕНИТ-КАЗАНЬ,ДИНАМО,66,92,13,10,64,9,16%,80,3,47,59%,9,3,1,ЗЕНИТ-КАЗАНЬ,ДИНАМО
2023,Play Off,ДИНАМО,ЗЕНИТ-КАЗАНЬ,85,109,28,16,99,12,13%,124,9,63,51%,6,2,3,ЗЕНИТ-КАЗАНЬ,ДИНАМО
2023,Play Off,ДИНАМО,ЗЕНИТ-КАЗАНЬ,39,58,17,2,60,5,33%,75,10,33,44%,4,0,3,ЗЕНИТ-КАЗАНЬ,ДИНАМО
2023,Play Off,ДИНАМО,ЗЕНИТ-КАЗАНЬ,62,80,16,9,79,10,23%,101,11,48,48%,5,1,3,ЗЕНИТ-КАЗАНЬ,ДИНАМО
2023,Play Off,ЗЕНИТ-КАЗАНЬ,ДИНАМО,77,115,16,12,81,16,5%,93,7,50,54%,15,3,2,ЗЕНИТ-КАЗАНЬ,ДИНАМО
2023,Play Out,НЕФТЯНИК,СТРОИТЕЛЬ,54,74,12,8,54,4,30%,67,3,29,43%,17,3,0,НЕФТЯНИК,СТРОИТЕЛЬ
2023,Play Out,САМОТЛОР,НОВА,48,76,13,8,43,1,42%,65,4,37,57%,3,3,0,САМОТЛОР,НОВА
2023,Play Out,СТРОИТЕЛЬ,НОВА,48,63,9,0,69,2,20%,97,13,42,43%,6,0,3,СТРОИТЕЛЬ,НОВА
2023,Play Out,НЕФТЯНИК,САМОТЛОР,50,85,15,2,67,6,13%,91,16,36,40%,12,1,3,САМОТЛОР,НЕФТЯНИК
2023,Play Out,НОВА,НЕФТЯНИК,63,87,19,4,82,7,22%,112,6,54,48%,5,1,3,НЕФТЯНИК,НОВА
2023,Play Out,СТРОИТЕЛЬ,САМОТЛОР,38,58,9,1,59,7,10%,68,9,30,44%,7,0,3,САМОТЛОР,СТРОИТЕЛЬ
2023,Play Out,СТРОИТЕЛЬ,НЕФТЯНИК,47,64,10,4,62,8,29%,82,10,36,44%,7,0,3,НЕФТЯНИК,СТРОИТЕЛЬ
2023,Play Out,НОВА,САМОТЛОР,40,58,15,1,62,8,23%,71,10,34,48%,5,0,3,САМОТЛОР,НОВА
2023,Play Out,НОВА,СТРОИТЕЛЬ,53,75,6,2,54,0,31%,84,7,46,55%,5,3,0,СТРОИТЕЛЬ,НОВА
2023,Play Out,САМОТЛОР,НЕФТЯНИК,62,93,26,6,70,2,20%,100,8,45,45%,11,3,1,САМОТЛОР,НЕФТЯНИК
2023,Play Out,НЕФТЯНИК,НОВА,68,96,14,7,68,4,18%,102,9,49,48%,12,3,1,НЕФТЯНИК,НОВА
2023,Play Out,САМОТЛОР,СТРОИТЕЛЬ,56,73,14,7,49,1,29%,72,4,39,54%,10,3,0,САМОТЛОР,СТРОИТЕЛЬ
2023,Play Out,САМОТЛОР,НОВА,61,88,27,7,78,6,24%,113,12,46,41%,8,1,3,НОВА,САМОТЛОР
2023,Play Out,НЕФТЯНИК,СТРОИТЕЛЬ,54,73,14,5,46,2,26%,72,9,38,53%,11,3,0,НЕФТЯНИК,СТРОИТЕЛЬ
2023,Play Out,СТРОИТЕЛЬ,НОВА,49,60,10,3,67,6,30%,92,8,41,45%,5,0,3,НОВА,СТРОИТЕЛЬ
2023,Play Out,НЕФТЯНИК,САМОТЛОР,72,115,23,7,80,9,21%,113,11,53,47%,12,3,2,НЕФТЯНИК,САМОТЛОР
2023,Play Out,СТРОИТЕЛЬ,САМОТЛОР,57,85,15,6,83,9,17%,94,6,41,44%,10,1,3,САМОТЛОР,СТРОИТЕЛЬ
2023,Play Out,НОВА,НЕФТЯНИК,64,98,17,6,58,6,14%,95,8,42,44%,16,3,1,НОВА,НЕФТЯНИК
2023,Play Out,НОВА,САМОТЛОР,57,100,22,6,61,7,20%,90,4,43,48%,8,3,1,НОВА,САМОТЛОР
2023,Play Out,СТРОИТЕЛЬ,НЕФТЯНИК,34,59,13,2,59,5,17%,75,8,26,35%,6,0,3,НЕФТЯНИК,СТРОИТЕЛЬ
2023,Play Out,НОВА,СТРОИТЕЛЬ,55,74,7,6,50,3,30%,84,3,45,54%,4,3,0,НОВА,СТРОИТЕЛЬ
2023,Play Out,САМОТЛОР,НЕФТЯНИК,73,108,28,9,92,7,26%,113,10,55,49%,9,2,3,НЕФТЯНИК,САМОТЛОР
2023,Play Out,САМОТЛОР,СТРОИТЕЛЬ,78,98,15,9,70,6,34%,96,12,57,59%,12,3,1,САМОТЛОР,СТРОИТЕЛЬ
2023,Play Out,НЕФТЯНИК,НОВА,59,85,27,6,81,6,21%,108,7,44,41%,9,1,3,НОВА,НЕФТЯНИК